Ref,Val,Package,PosX,PosY,Rot,Side
"3V108","jumper","jumper_slice_1mm",39.400000,3.200000,90.000000,bottom
"C110","47uF","CP_EIA-3528-21_Kemet-B_Pad1.50x2.35mm_HandSolder",10.500000,7.700000,90.000000,bottom
"C113","0.047uF","C_0603_1608Metric_Pad1.08x0.95mm_HandSolder",10.900000,14.600000,90.000000,bottom
"C114","47uF","CP_EIA-3528-21_Kemet-B_Pad1.50x2.35mm_HandSolder",6.200000,7.700000,90.000000,bottom
"C117","0.047uF","C_0603_1608Metric_Pad1.08x0.95mm_HandSolder",6.600000,14.600000,90.000000,bottom
"C120","47uF","CP_EIA-3528-21_Kemet-B_Pad1.50x2.35mm_HandSolder",14.800000,7.700000,90.000000,bottom
"C121","0.047uF","C_0603_1608Metric_Pad1.08x0.95mm_HandSolder",15.200000,14.600000,90.000000,bottom
"C122","47uF","CP_EIA-3528-21_Kemet-B_Pad1.50x2.35mm_HandSolder",19.925001,6.800000,0.000000,bottom
"C123","0.047uF","C_0603_1608Metric_Pad1.08x0.95mm_HandSolder",19.100000,14.600000,90.000000,bottom
"C124","10UF","C_0603_1608Metric_Pad1.08x0.95mm_HandSolder",36.000000,11.200000,-90.000000,bottom
"C125","10UF","C_0603_1608Metric_Pad1.08x0.95mm_HandSolder",33.400000,11.100000,-90.000000,bottom
"C126","10UF","C_0603_1608Metric_Pad1.08x0.95mm_HandSolder",29.800000,11.200000,-90.000000,bottom
"C127","10UF","C_0603_1608Metric_Pad1.08x0.95mm_HandSolder",27.100000,11.200000,-90.000000,bottom
"C129","1uF","C_0603_1608Metric_Pad1.08x0.95mm_HandSolder",25.700000,5.800000,-90.000000,bottom
"D108","TPD1E1B04 - 0402 size","D_0402_1005Metric_Pad0.77x0.64mm_HandSolder",10.100000,17.500000,0.000000,bottom
"D109","TPD1E1B04 - 0402 size","D_0402_1005Metric_Pad0.77x0.64mm_HandSolder",5.800000,17.500000,0.000000,bottom
"D110","TPD1E1B04 - 0402 size","D_0402_1005Metric_Pad0.77x0.64mm_HandSolder",14.400000,17.500000,0.000000,bottom
"D111","TPD1E1B04 - 0402 size","D_0402_1005Metric_Pad0.77x0.64mm_HandSolder",18.100000,17.500000,0.000000,bottom
"D112","TPD1E1B04 - 0402 size","D_0402_1005Metric_Pad0.77x0.64mm_HandSolder",36.800000,17.517500,180.000000,bottom
"D113","TPD1E1B04 - 0402 size","D_0402_1005Metric_Pad0.77x0.64mm_HandSolder",33.200000,17.565000,180.000000,bottom
"D114","TPD1E1B04 - 0402 size","D_0402_1005Metric_Pad0.77x0.64mm_HandSolder",29.600000,17.565000,180.000000,bottom
"D115","TPD1E1B04 - 0402 size","D_0402_1005Metric_Pad0.77x0.64mm_HandSolder",26.000000,17.700000,180.000000,bottom
"FB108","BLM21A601S - BLM21AG601SH1","C_0805_2012Metric_Pad1.18x1.45mm_HandSolder",36.700000,14.827500,-90.000000,bottom
"FB109","BLM21A601S - BLM21AG601SH1","C_0805_2012Metric_Pad1.18x1.45mm_HandSolder",33.100000,14.865000,-90.000000,bottom
"FB110","BLM21A601S - BLM21AG601SH1","C_0805_2012Metric_Pad1.18x1.45mm_HandSolder",29.500000,14.937500,-90.000000,bottom
"FB111","BLM21A601S - BLM21AG601SH1","C_0805_2012Metric_Pad1.18x1.45mm_HandSolder",25.900000,15.100000,-90.000000,bottom
"G119","jumper","jumper_slice",35.300000,7.500000,90.000000,bottom
"GND108","BRIDGE","jumper_slice",22.400000,16.200000,90.000000,bottom
"INM1","Jump Filter","jumper_slice_via",31.000000,15.737500,-90.000000,bottom
"INM2","Jump Filter","jumper_slice_via",38.200000,15.617500,-90.000000,bottom
"INP1","Jump Filter","jumper_slice_via",27.400000,15.675000,-90.000000,bottom
"INP2","Jump Filter","jumper_slice_via",34.600000,15.665000,-90.000000,bottom
"MCLK108","jumper","jumper_slice_disconnected",4.800000,22.900000,0.000000,bottom
"OM1","Jump Filter","jumper_slice_via_alt_text",4.900000,15.600000,90.000000,bottom
"OM2","Jump Filter","jumper_slice_via",17.400000,15.900000,-90.000000,bottom
"OP1","Jump Filter","jumper_slice_via",9.200000,15.600000,-90.000000,bottom
"OP2","Jump Filter","jumper_slice_via",13.500000,15.675000,-90.000000,bottom
"R108","100","R_0603_1608Metric_Pad1.05x0.95mm_HandSolder",10.900000,11.500000,0.000000,bottom
"R109","100","R_0603_1608Metric_Pad1.05x0.95mm_HandSolder",6.600000,11.500000,180.000000,bottom
"R111","100","R_0603_1608Metric_Pad1.05x0.95mm_HandSolder",15.200000,11.500000,0.000000,bottom
"R116","100","R_0603_1608Metric_Pad1.05x0.95mm_HandSolder",18.700000,10.600000,-90.000000,bottom
"R127","0 Ohm","R_0402_1005Metric_Pad0.72x0.64mm_HandSolder",32.600000,6.900000,0.000000,bottom
"SCL108","jumper","jumper_slice",4.800000,21.600000,0.000000,bottom
"SDA108","jumper","jumper_slice",4.800000,20.200000,0.000000,bottom
"T*C108","10uF","C_0805_2012Metric_Pad1.18x1.45mm_HandSolder",35.334314,4.162500,90.000000,bottom
"T*C109","1uF","C_0603_1608Metric_Pad1.08x0.95mm_HandSolder",33.234314,4.162500,90.000000,bottom
"T*C110","10uF","C_0805_2012Metric_Pad1.18x1.45mm_HandSolder",27.634314,4.162500,90.000000,bottom
"U109","3.3v LDO - TLV74133PDBVR","SOT-23-5",30.411814,4.185000,-90.000000,bottom
